article url,article link,title,description,pub date,source id,country,city
http://www.aguirre-charles.info/,http://jordan.net/,"China's Export Policies Tighten, Affecting Flour Supply",Packaging costs soar due to US-Canada trade disputes.,2024-07-19,source-19,Brazil,Sydney
https://www.martinez.net/,http://www.smith-stewart.net/,Tariffs in China Causing Expensive Raw Materials,Packaging costs soar due to US-Canada trade disputes.,2024-09-14,source-10,Canada,Paris
https://turner.biz/,http://brock-scott.net/,"China's Export Policies Tighten, Affecting Flour Supply",How sugar import restrictions are reshaping the baking landscape.,2024-06-01,source-11,Germany,Mumbai
https://lewis.org/,https://johnson-wood.org/,Global Wheat Shortages Hit the Baking Industry,A deep dive into how recent trade restrictions are impacting global baking brands.,2024-10-28,source-2,Japan,Mumbai
http://www.marks.com/,http://mitchell.com/,"China's Export Policies Tighten, Affecting Flour Supply",An overview of global supply chain challenges for key baking ingredients.,2024-05-05,source-17,France,Beijing
https://www.hogan.com/,https://rodriguez.info/,Rising Costs of Vanilla Imports From Madagascar,Analysis of supply chain disruptions caused by new tariffs on raw materials.,2024-07-25,source-8,Canada,São Paulo
http://smith.biz/,http://www.carey.info/,Global Wheat Shortages Hit the Baking Industry,An overview of global supply chain challenges for key baking ingredients.,2024-10-08,source-20,India,Mumbai
https://sullivan.org/,https://www.aguilar.com/,Canada Introduces Import Restrictions on Sugar,Analysis of supply chain disruptions caused by new tariffs on raw materials.,2024-06-05,source-11,China,Tokyo
http://lane.com/,https://www.jones.org/,European Union Implements New Wheat Tariffs,An overview of global supply chain challenges for key baking ingredients.,2024-02-15,source-11,India,Beijing
https://hill.com/,http://li.com/,Tariffs in China Causing Expensive Raw Materials,Flour shortages in Europe are affecting bakery operations worldwide.,2024-09-06,source-15,Japan,Mumbai
https://parker-flowers.com/,http://moss-adams.info/,US Steel Tariffs Drive Up Packaging Costs,An overview of global supply chain challenges for key baking ingredients.,2024-11-20,source-17,China,Berlin
http://www.lin.com/,http://winters.com/,New US-Canada Trade Agreement Affects Baking Industry,How sugar import restrictions are reshaping the baking landscape.,2024-03-02,source-9,Australia,São Paulo
https://liu-smith.com/,http://sanders.net/,US Steel Tariffs Drive Up Packaging Costs,How sugar import restrictions are reshaping the baking landscape.,2024-06-07,source-19,Australia,Sydney
https://www.jenkins.com/,http://www.sloan.com/,Supply Chain Delays Impacting Raw Material Costs for Bakers,Key trends in the baking supply chain amid new global tariffs.,2024-05-27,source-17,USA,São Paulo
http://clarke.org/,https://howard-bullock.com/,European Union Implements New Wheat Tariffs,Analysis of supply chain disruptions caused by new tariffs on raw materials.,2024-01-17,source-18,Australia,Toronto
https://www.bennett.info/,http://www.robinson-evans.info/,New US-Canada Trade Agreement Affects Baking Industry,How sugar import restrictions are reshaping the baking landscape.,2024-03-06,source-3,USA,Chicago
https://www.brown.com/,http://www.dunn.net/,"China's Export Policies Tighten, Affecting Flour Supply",Baking companies face rising costs due to new steel tariffs.,2024-06-09,source-11,India,Paris
https://www.wright-reed.biz/,https://www.smith.com/,European Union Implements New Wheat Tariffs,The baking industry's response to trade restrictions and rising costs.,2024-10-21,source-1,Brazil,Mumbai
http://www.branch.org/,http://yang-lucero.biz/,"China's Export Policies Tighten, Affecting Flour Supply",A deep dive into how recent trade restrictions are impacting global baking brands.,2024-05-21,source-3,Australia,Paris
http://fischer.com/,https://lester.com/,Global Wheat Shortages Hit the Baking Industry,An overview of global supply chain challenges for key baking ingredients.,2024-02-14,source-19,China,Paris
http://ewing.com/,https://www.montoya.com/,Global Wheat Shortages Hit the Baking Industry,Impacts of wheat tariffs on the baking industry in North America.,2024-06-29,source-2,Canada,São Paulo
https://www.calhoun.com/,http://hubbard.com/,Canada Introduces Import Restrictions on Sugar,An overview of global supply chain challenges for key baking ingredients.,2024-10-26,source-14,Canada,Tokyo
http://green-robinson.biz/,https://www.foley-miller.com/,European Union Implements New Wheat Tariffs,Impacts of wheat tariffs on the baking industry in North America.,2024-02-25,source-3,India,Paris
https://www.henderson.com/,http://cox-patrick.info/,Global Wheat Shortages Hit the Baking Industry,Impacts of wheat tariffs on the baking industry in North America.,2024-06-24,source-16,Canada,Mexico City
https://www.bass.biz/,https://white.biz/,Tariffs in China Causing Expensive Raw Materials,Baking companies face rising costs due to new steel tariffs.,2024-04-15,source-1,Germany,Chicago
http://peterson.com/,http://moore.com/,Global Wheat Shortages Hit the Baking Industry,A deep dive into how recent trade restrictions are impacting global baking brands.,2024-05-04,source-6,USA,Berlin
https://www.ford.com/,https://flynn.com/,Tariffs in China Causing Expensive Raw Materials,Baking companies face rising costs due to new steel tariffs.,2024-03-13,source-10,Germany,Beijing
http://www.smith-roberts.biz/,https://tate-salazar.biz/,European Union Implements New Wheat Tariffs,Impacts of wheat tariffs on the baking industry in North America.,2024-07-03,source-4,Canada,Sydney
http://deleon.com/,http://sanders.org/,European Union Implements New Wheat Tariffs,Flour shortages in Europe are affecting bakery operations worldwide.,2024-01-27,source-20,Canada,Mumbai
http://miranda-cole.org/,https://www.rivera-buckley.info/,New US-Canada Trade Agreement Affects Baking Industry,The baking industry's response to trade restrictions and rising costs.,2024-03-01,source-3,China,São Paulo
https://www.pruitt.org/,https://www.rodriguez.com/,European Union Implements New Wheat Tariffs,How sugar import restrictions are reshaping the baking landscape.,2024-11-21,source-14,Mexico,Berlin
http://www.sanders.com/,https://www.hernandez.biz/,Tariffs in China Causing Expensive Raw Materials,Flour shortages in Europe are affecting bakery operations worldwide.,2024-09-06,source-19,Australia,Berlin
https://www.wise-torres.com/,http://www.morris.com/,European Union Implements New Wheat Tariffs,A deep dive into how recent trade restrictions are impacting global baking brands.,2024-11-22,source-19,USA,Sydney
http://miller.info/,http://medina-jones.com/,Supply Chain Delays Impacting Raw Material Costs for Bakers,Packaging costs soar due to US-Canada trade disputes.,2024-10-30,source-4,Mexico,Paris
http://manning.com/,http://www.barber-butler.com/,US Steel Tariffs Drive Up Packaging Costs,Impacts of wheat tariffs on the baking industry in North America.,2024-06-07,source-6,Japan,Tokyo
http://myers-daniels.org/,https://www.gonzalez-harrell.info/,Global Wheat Shortages Hit the Baking Industry,An overview of global supply chain challenges for key baking ingredients.,2024-06-02,source-1,China,Berlin
http://www.wall.com/,http://www.rios.org/,Global Wheat Shortages Hit the Baking Industry,Packaging costs soar due to US-Canada trade disputes.,2024-10-12,source-20,Mexico,Tokyo
https://www.whitehead.info/,http://www.gonzales.com/,New US-Canada Trade Agreement Affects Baking Industry,Analysis of supply chain disruptions caused by new tariffs on raw materials.,2024-03-09,source-16,France,São Paulo
http://www.burns.biz/,http://www.rios-burnett.org/,Supply Chain Delays Impacting Raw Material Costs for Bakers,How sugar import restrictions are reshaping the baking landscape.,2024-07-30,source-1,USA,Beijing
http://edwards.com/,https://ward.biz/,Drought in Brazil Disrupts Global Sugar Supply Chains,Analysis of supply chain disruptions caused by new tariffs on raw materials.,2024-05-31,source-18,Australia,Tokyo
http://reese.com/,https://davis-carr.com/,New US-Canada Trade Agreement Affects Baking Industry,How sugar import restrictions are reshaping the baking landscape.,2024-07-24,source-7,USA,Toronto
https://lewis.net/,https://stone.com/,Global Wheat Shortages Hit the Baking Industry,Packaging costs soar due to US-Canada trade disputes.,2024-10-06,source-18,China,Berlin
https://www.patel.com/,https://www.wright.info/,Global Wheat Shortages Hit the Baking Industry,Baking companies face rising costs due to new steel tariffs.,2024-01-16,source-8,China,Mexico City
http://www.davis.com/,http://www.santiago.biz/,US Steel Tariffs Drive Up Packaging Costs,A deep dive into how recent trade restrictions are impacting global baking brands.,2024-09-26,source-1,Japan,Mumbai
http://barnes-osborn.net/,http://henry-cooper.biz/,Tariffs in China Causing Expensive Raw Materials,Key trends in the baking supply chain amid new global tariffs.,2024-11-11,source-8,Canada,Mumbai
https://www.brown-cox.com/,https://www.nichols.biz/,Canada Introduces Import Restrictions on Sugar,How sugar import restrictions are reshaping the baking landscape.,2024-05-14,source-7,France,Berlin
https://www.love.com/,http://www.williams.com/,"China's Export Policies Tighten, Affecting Flour Supply",Baking companies face rising costs due to new steel tariffs.,2024-09-26,source-6,Australia,Sydney
https://www.conrad-anderson.com/,http://www.russell-graves.com/,Supply Chain Delays Impacting Raw Material Costs for Bakers,An overview of global supply chain challenges for key baking ingredients.,2024-07-18,source-18,India,Mexico City
http://www.parks-barnett.net/,http://www.harmon.com/,European Union Implements New Wheat Tariffs,Key trends in the baking supply chain amid new global tariffs.,2024-10-15,source-18,Mexico,Beijing
http://www.nelson.com/,http://www.brown.com/,Rising Costs of Vanilla Imports From Madagascar,Flour shortages in Europe are affecting bakery operations worldwide.,2024-05-06,source-3,Australia,Mumbai
http://www.peterson-keith.com/,https://smith.info/,Tariffs in China Causing Expensive Raw Materials,An overview of global supply chain challenges for key baking ingredients.,2024-03-26,source-15,Brazil,Sydney
https://www.rodriguez.com/,http://www.johnson.biz/,Tariffs in China Causing Expensive Raw Materials,An overview of global supply chain challenges for key baking ingredients.,2024-10-25,source-16,USA,Mexico City
http://www.richards-adkins.net/,https://ramos.com/,New US-Canada Trade Agreement Affects Baking Industry,Key trends in the baking supply chain amid new global tariffs.,2024-06-30,source-1,Australia,Chicago
http://www.murphy.com/,https://www.brown.com/,"China's Export Policies Tighten, Affecting Flour Supply",Flour shortages in Europe are affecting bakery operations worldwide.,2024-10-29,source-17,Germany,Sydney
https://www.garcia-orr.com/,https://stout-adkins.com/,Canada Introduces Import Restrictions on Sugar,Flour shortages in Europe are affecting bakery operations worldwide.,2024-04-11,source-11,Mexico,Toronto
http://herrera-burton.net/,http://moreno.com/,"China's Export Policies Tighten, Affecting Flour Supply",Flour shortages in Europe are affecting bakery operations worldwide.,2024-10-21,source-11,Mexico,Paris
https://www.collier-myers.com/,http://www.english-kim.com/,Supply Chain Delays Impacting Raw Material Costs for Bakers,Packaging costs soar due to US-Canada trade disputes.,2024-11-13,source-7,India,Toronto
http://www.foster-ruiz.com/,http://taylor.info/,Drought in Brazil Disrupts Global Sugar Supply Chains,Impacts of wheat tariffs on the baking industry in North America.,2024-01-21,source-7,USA,Sydney
http://www.carter-hooper.com/,http://brown.com/,"China's Export Policies Tighten, Affecting Flour Supply",Analysis of supply chain disruptions caused by new tariffs on raw materials.,2024-03-30,source-13,France,Tokyo
http://everett.org/,https://myers.com/,Rising Costs of Vanilla Imports From Madagascar,Analysis of supply chain disruptions caused by new tariffs on raw materials.,2024-01-20,source-18,Australia,Tokyo
https://www.wang-arnold.com/,http://roberts.com/,Drought in Brazil Disrupts Global Sugar Supply Chains,The baking industry's response to trade restrictions and rising costs.,2024-03-18,source-13,Canada,Sydney
https://rosales.net/,https://www.brown.org/,New US-Canada Trade Agreement Affects Baking Industry,Flour shortages in Europe are affecting bakery operations worldwide.,2024-10-11,source-16,Mexico,Sydney
http://www.wade-church.info/,https://sullivan.com/,"China's Export Policies Tighten, Affecting Flour Supply",Analysis of supply chain disruptions caused by new tariffs on raw materials.,2024-07-23,source-20,USA,Toronto
https://www.lewis.info/,https://www.collins-meyer.com/,Global Wheat Shortages Hit the Baking Industry,An overview of global supply chain challenges for key baking ingredients.,2024-10-18,source-4,Brazil,Paris
http://www.andrews-kelley.net/,https://bruce.com/,"China's Export Policies Tighten, Affecting Flour Supply",An overview of global supply chain challenges for key baking ingredients.,2024-10-09,source-11,Australia,Chicago
https://www.berry-peterson.info/,https://green-paul.com/,Supply Chain Delays Impacting Raw Material Costs for Bakers,Impacts of wheat tariffs on the baking industry in North America.,2024-07-02,source-1,Brazil,São Paulo
https://brown.net/,https://miller-tucker.com/,Drought in Brazil Disrupts Global Sugar Supply Chains,Baking companies face rising costs due to new steel tariffs.,2024-10-23,source-13,France,Sydney
https://www.bailey.info/,https://phillips.com/,Tariffs in China Causing Expensive Raw Materials,Baking companies face rising costs due to new steel tariffs.,2024-11-19,source-5,Japan,Beijing
http://vasquez.biz/,https://peters.com/,Drought in Brazil Disrupts Global Sugar Supply Chains,Packaging costs soar due to US-Canada trade disputes.,2024-03-12,source-11,Germany,Paris
http://hurst.org/,https://www.williamson-park.org/,New US-Canada Trade Agreement Affects Baking Industry,A deep dive into how recent trade restrictions are impacting global baking brands.,2024-09-24,source-2,France,Mexico City
http://www.ashley.com/,http://www.santiago.net/,US Steel Tariffs Drive Up Packaging Costs,Impacts of wheat tariffs on the baking industry in North America.,2024-06-05,source-5,Canada,Sydney
http://mitchell-walker.com/,http://bell-salazar.com/,Canada Introduces Import Restrictions on Sugar,Analysis of supply chain disruptions caused by new tariffs on raw materials.,2024-09-14,source-20,India,Paris
https://www.mcdowell.info/,https://www.sanchez-jacobs.com/,Global Wheat Shortages Hit the Baking Industry,An overview of global supply chain challenges for key baking ingredients.,2024-08-26,source-18,France,Paris
https://www.lester-george.com/,https://www.fox.org/,Canada Introduces Import Restrictions on Sugar,A deep dive into how recent trade restrictions are impacting global baking brands.,2024-06-11,source-17,Mexico,Paris
https://nelson-gomez.org/,https://rose.com/,Drought in Brazil Disrupts Global Sugar Supply Chains,An overview of global supply chain challenges for key baking ingredients.,2024-01-26,source-2,Brazil,Tokyo
https://johnson-morales.com/,http://www.barnes.com/,New US-Canada Trade Agreement Affects Baking Industry,The baking industry's response to trade restrictions and rising costs.,2024-10-29,source-10,Germany,Paris
http://reynolds-barnett.info/,http://www.shelton.net/,"China's Export Policies Tighten, Affecting Flour Supply",Analysis of supply chain disruptions caused by new tariffs on raw materials.,2024-01-27,source-11,Japan,Tokyo
https://moore.org/,https://www.wiggins-gonzalez.com/,Rising Costs of Vanilla Imports From Madagascar,Impacts of wheat tariffs on the baking industry in North America.,2024-10-01,source-3,Japan,Beijing
https://chen.com/,http://pitts.com/,European Union Implements New Wheat Tariffs,An overview of global supply chain challenges for key baking ingredients.,2024-10-06,source-10,India,Toronto
https://www.watson.net/,https://scott.com/,Tariffs in China Causing Expensive Raw Materials,Flour shortages in Europe are affecting bakery operations worldwide.,2024-08-13,source-19,India,Berlin
http://www.baker-harris.net/,http://costa-hebert.info/,Canada Introduces Import Restrictions on Sugar,A deep dive into how recent trade restrictions are impacting global baking brands.,2024-05-01,source-20,China,Sydney
http://www.shaw.com/,http://baldwin.com/,Drought in Brazil Disrupts Global Sugar Supply Chains,A deep dive into how recent trade restrictions are impacting global baking brands.,2024-03-24,source-15,Australia,Paris
https://www.cooper-davis.com/,https://www.johnston.com/,Rising Costs of Vanilla Imports From Madagascar,How sugar import restrictions are reshaping the baking landscape.,2024-03-19,source-1,Canada,São Paulo
https://herman.com/,https://orr.com/,Drought in Brazil Disrupts Global Sugar Supply Chains,Key trends in the baking supply chain amid new global tariffs.,2024-01-11,source-5,Canada,Berlin
https://chavez.com/,https://williams.com/,European Union Implements New Wheat Tariffs,Packaging costs soar due to US-Canada trade disputes.,2024-08-16,source-3,Japan,Mumbai
http://www.bates.com/,https://mckay.net/,European Union Implements New Wheat Tariffs,Key trends in the baking supply chain amid new global tariffs.,2024-10-04,source-17,Germany,Mumbai
https://james-simpson.info/,https://www.jones-johnson.com/,New US-Canada Trade Agreement Affects Baking Industry,Key trends in the baking supply chain amid new global tariffs.,2024-02-15,source-17,Mexico,Sydney
https://www.collier-carpenter.biz/,http://newman-coleman.com/,Canada Introduces Import Restrictions on Sugar,An overview of global supply chain challenges for key baking ingredients.,2024-11-26,source-12,Canada,Berlin
https://yoder.biz/,https://www.lee.com/,Tariffs in China Causing Expensive Raw Materials,How sugar import restrictions are reshaping the baking landscape.,2024-01-11,source-14,China,Sydney
http://stevens.biz/,https://sharp.com/,Tariffs in China Causing Expensive Raw Materials,Key trends in the baking supply chain amid new global tariffs.,2024-03-03,source-15,India,Beijing
https://thomas.info/,http://www.ramirez-bell.org/,Tariffs in China Causing Expensive Raw Materials,Flour shortages in Europe are affecting bakery operations worldwide.,2024-05-04,source-2,India,Berlin
https://lee-mathews.com/,https://www.ingram-hunter.net/,"China's Export Policies Tighten, Affecting Flour Supply",A deep dive into how recent trade restrictions are impacting global baking brands.,2024-01-11,source-3,Canada,Beijing
http://www.ferguson.org/,https://gomez.com/,Drought in Brazil Disrupts Global Sugar Supply Chains,Analysis of supply chain disruptions caused by new tariffs on raw materials.,2024-07-23,source-19,China,Mexico City
http://www.gardner.com/,https://ayala.com/,Supply Chain Delays Impacting Raw Material Costs for Bakers,Baking companies face rising costs due to new steel tariffs.,2024-09-14,source-20,Japan,Berlin
https://www.thomas-brown.com/,http://www.ramirez.net/,Canada Introduces Import Restrictions on Sugar,A deep dive into how recent trade restrictions are impacting global baking brands.,2024-10-29,source-8,Mexico,Tokyo
http://www.davis-smith.com/,http://english-friedman.com/,Rising Costs of Vanilla Imports From Madagascar,How sugar import restrictions are reshaping the baking landscape.,2024-06-18,source-1,Canada,Paris
http://www.jackson.com/,https://www.archer.net/,"China's Export Policies Tighten, Affecting Flour Supply",Flour shortages in Europe are affecting bakery operations worldwide.,2024-01-05,source-20,Mexico,Mumbai
http://www.campbell.biz/,http://www.chavez-garcia.com/,Rising Costs of Vanilla Imports From Madagascar,Impacts of wheat tariffs on the baking industry in North America.,2024-05-11,source-5,Australia,Chicago
http://www.sullivan-rice.org/,http://porter-berg.com/,Global Wheat Shortages Hit the Baking Industry,A deep dive into how recent trade restrictions are impacting global baking brands.,2024-06-30,source-19,China,Chicago
https://www.robles.biz/,https://santiago-smith.com/,Global Wheat Shortages Hit the Baking Industry,Key trends in the baking supply chain amid new global tariffs.,2024-01-11,source-2,Mexico,São Paulo
